{"cameraMode":{"drawMode":0,"name":"Shaded","section":"Shading Mode"},"sceneLighting":false,"audioPlay":false,"sceneViewState":{"showFog":true,"showMaterialUpdate":false,"showSkybox":true,"showFlares":true,"showImageEffects":true,"showParticleSystems":true},"in2DMode":false,"pivot":{"x":-0.00011365115642547607,"y":0.09115198254585266,"z":0.050194427371025088},"rotation":{"x":-0.17289184033870698,"y":-0.1491306722164154,"z":0.026532990857958795,"w":-0.9732788801193237},"size":0.14111806452274323,"orthographic":false}